image_id,label
00002.jpg,C
00003.jpg,C
00004.jpg,B
00007.jpg,A
00008.jpg,B
00009.jpg,B
00012.jpg,A
00015.jpg,A
00017.jpg,A
00018.jpg,A
00020.jpg,B
00021.jpg,C
00022.jpg,C
00023.jpg,B
00024.jpg,C
00026.jpg,B
00029.jpg,C
00030.jpg,A
00031.jpg,B
00032.jpg,B
00037.jpg,B
00039.jpg,C
00040.jpg,B
00041.jpg,C
00044.jpg,B
00048.jpg,C
00049.jpg,A
00054.jpg,C
00056.jpg,C
00057.jpg,C
00058.jpg,A
00062.jpg,B
00063.jpg,B
00064.jpg,B
00065.jpg,C
00067.jpg,C
00068.jpg,A
00071.jpg,B
00075.jpg,A
00076.jpg,B
00077.jpg,A
00080.jpg,B
00081.jpg,A
00084.jpg,B
00085.jpg,B
00086.jpg,A
00087.jpg,B
00089.jpg,C
00091.jpg,B
00092.jpg,A
00093.jpg,A
00094.jpg,C
00099.jpg,B
00100.jpg,C
00101.jpg,B
00103.jpg,B
00104.jpg,B
00105.jpg,B
00107.jpg,B
00108.jpg,B
00109.jpg,B
00110.jpg,C
00112.jpg,A
00113.jpg,A
00116.jpg,C
00118.jpg,C
00121.jpg,A
00122.jpg,A
00123.jpg,A
00126.jpg,A
00127.jpg,B
00128.jpg,B
00131.jpg,A
00132.jpg,B
00133.jpg,B
00134.jpg,C
00136.jpg,C
00140.jpg,A
00142.jpg,C
00145.jpg,B
00147.jpg,C
00152.jpg,B
00157.jpg,C
00163.jpg,A
00164.jpg,B
00166.jpg,B
00167.jpg,B
00171.jpg,C
00174.jpg,C
00175.jpg,C
00176.jpg,B
00177.jpg,A
00179.jpg,B
00180.jpg,B
00181.jpg,C
00184.jpg,B
00190.jpg,B
00191.jpg,B
00194.jpg,C
00195.jpg,B
00197.jpg,B
00198.jpg,B
00199.jpg,C
00200.jpg,B
00202.jpg,B
00203.jpg,C
00204.jpg,B
00206.jpg,A
00208.jpg,A
00212.jpg,C
00213.jpg,A
00215.jpg,C
00218.jpg,B
00219.jpg,B
00223.jpg,A
00224.jpg,B
00225.jpg,B
00226.jpg,B
00228.jpg,B
00229.jpg,A
00230.jpg,C
00232.jpg,B
00233.jpg,C
00234.jpg,B
00235.jpg,B
00236.jpg,A
00240.jpg,B
00242.jpg,B
00243.jpg,A
00246.jpg,A
00248.jpg,B
00251.jpg,B
00252.jpg,B
00253.jpg,B
00254.jpg,A
00263.jpg,C
00266.jpg,B
00268.jpg,B
00269.jpg,B
00271.jpg,A
00272.jpg,B
00273.jpg,C
00274.jpg,A
00281.jpg,C
00283.jpg,A
00291.jpg,B
00294.jpg,C
00295.jpg,B
00296.jpg,A
00297.jpg,C
00298.jpg,C
00299.jpg,C
00300.jpg,A
00302.jpg,C
00304.jpg,A
00305.jpg,B
00306.jpg,A
00307.jpg,C
00308.jpg,A
00309.jpg,C
00310.jpg,B
00311.jpg,C
00313.jpg,B
00315.jpg,C
00316.jpg,C
00318.jpg,B
00321.jpg,C
00322.jpg,B
00324.jpg,C
00325.jpg,A
00326.jpg,B
00329.jpg,A
00331.jpg,B
00340.jpg,B
00341.jpg,B
00344.jpg,B
00348.jpg,A
00350.jpg,A
00351.jpg,A
00359.jpg,B
00360.jpg,C
00362.jpg,C
00363.jpg,C
00368.jpg,A
00369.jpg,B
00370.jpg,A
00371.jpg,A
00373.jpg,B
00374.jpg,C
00375.jpg,A
00377.jpg,B
00379.jpg,B
00381.jpg,C
00382.jpg,C
00384.jpg,C
00390.jpg,C
00391.jpg,B
00392.jpg,C
00393.jpg,B
00395.jpg,C
00396.jpg,A
00397.jpg,B
00398.jpg,C
00399.jpg,A
00400.jpg,B
00403.jpg,C
00404.jpg,B
00409.jpg,C
00411.jpg,C
00412.jpg,B
00414.jpg,B
00417.jpg,B
00418.jpg,B
00421.jpg,C
00423.jpg,C
00425.jpg,B
00426.jpg,A
00432.jpg,B
00433.jpg,C
00436.jpg,C
00439.jpg,B
00440.jpg,B
00442.jpg,B
00443.jpg,B
00444.jpg,A
00445.jpg,C
00446.jpg,B
00447.jpg,B
00448.jpg,C
00453.jpg,A
00458.jpg,A
00461.jpg,C
00465.jpg,B
00467.jpg,C
00470.jpg,C
00471.jpg,A
00474.jpg,C
00475.jpg,B
00477.jpg,C
00478.jpg,A
00480.jpg,B
00484.jpg,C
00485.jpg,C
00488.jpg,B
00490.jpg,A
00492.jpg,B
00493.jpg,B
00494.jpg,B
00495.jpg,C
00497.jpg,B
00498.jpg,B
00500.jpg,B
00504.jpg,A
00509.jpg,B
00511.jpg,B
00513.jpg,B
00514.jpg,A
00517.jpg,C
00519.jpg,B
00521.jpg,B
00523.jpg,C
00525.jpg,C
00527.jpg,B
00528.jpg,B
00531.jpg,C
00535.jpg,A
00537.jpg,A
00538.jpg,B
00541.jpg,C
00542.jpg,A
00543.jpg,C
00549.jpg,C
00557.jpg,B
00560.jpg,A
00562.jpg,A
00567.jpg,C
00568.jpg,C
00572.jpg,A
00573.jpg,C
00574.jpg,B
00576.jpg,C
00579.jpg,B
00580.jpg,A
00583.jpg,A
00584.jpg,A
00586.jpg,B
00588.jpg,C
00589.jpg,B
00591.jpg,B
00593.jpg,B
00594.jpg,A
00595.jpg,A
00597.jpg,C
00599.jpg,B
00600.jpg,B
00601.jpg,A
00602.jpg,B
00604.jpg,C
00606.jpg,B
00609.jpg,C
00611.jpg,A
00613.jpg,B
00616.jpg,B
00619.jpg,C
00621.jpg,A
00623.jpg,A
00625.jpg,C
00626.jpg,B
00627.jpg,B
00629.jpg,C
00633.jpg,C
00634.jpg,B
00638.jpg,B
00641.jpg,A
00644.jpg,C
00645.jpg,C
00646.jpg,C
00649.jpg,B
00650.jpg,C
00651.jpg,B
00655.jpg,A
00659.jpg,B
00660.jpg,A
00663.jpg,B
00665.jpg,B
00668.jpg,B
00669.jpg,A
00672.jpg,C
00674.jpg,B
00675.jpg,A
00678.jpg,A
00680.jpg,A
00683.jpg,B
00685.jpg,B
00686.jpg,A
00689.jpg,C
00691.jpg,B
00692.jpg,C
00693.jpg,B
00694.jpg,B
00695.jpg,B
00698.jpg,A
00705.jpg,B
00706.jpg,C
00708.jpg,B
00709.jpg,A
00713.jpg,C
00719.jpg,C
00722.jpg,B
00723.jpg,C
00726.jpg,A
00728.jpg,B
00729.jpg,A
00731.jpg,B
00732.jpg,C
00733.jpg,B
00737.jpg,B
00738.jpg,B
00739.jpg,A
00741.jpg,C
00742.jpg,C
00744.jpg,B
00745.jpg,B
00746.jpg,A
00748.jpg,A
00751.jpg,C
00752.jpg,B
00753.jpg,C
00754.jpg,C
00755.jpg,B
00757.jpg,B
00758.jpg,C
00759.jpg,B
00761.jpg,B
00763.jpg,B
00766.jpg,B
00769.jpg,A
00770.jpg,A
00771.jpg,B
00776.jpg,B
00777.jpg,A
00778.jpg,A
00779.jpg,C
00783.jpg,A
00785.jpg,B
00789.jpg,B
00790.jpg,A
00791.jpg,A
00792.jpg,B
00793.jpg,A
00799.jpg,A
00800.jpg,C
00801.jpg,C
00807.jpg,B
00808.jpg,B
00809.jpg,C
00811.jpg,C
00812.jpg,B
00817.jpg,C
00818.jpg,C
00819.jpg,C
00820.jpg,B
00825.jpg,C
00827.jpg,B
00828.jpg,B
00829.jpg,A
00830.jpg,A
00832.jpg,C
00837.jpg,B
00838.jpg,C
00842.jpg,A
00843.jpg,A
00845.jpg,A
00846.jpg,C
00848.jpg,B
00851.jpg,C
00853.jpg,B
00854.jpg,B
00856.jpg,A
00857.jpg,B
00859.jpg,B
00865.jpg,B
00869.jpg,A
00870.jpg,A
00871.jpg,B
00872.jpg,B
00873.jpg,B
00874.jpg,C
00876.jpg,B
00878.jpg,B
00880.jpg,C
00881.jpg,B
00885.jpg,B
00886.jpg,B
00889.jpg,A
00892.jpg,A
00893.jpg,B
00894.jpg,B
00895.jpg,C
00897.jpg,A
00898.jpg,B
00899.jpg,C
00900.jpg,B
00901.jpg,B
00902.jpg,C
00903.jpg,B
00904.jpg,B
00906.jpg,A
00912.jpg,C
00913.jpg,A
00915.jpg,C
00916.jpg,A
00917.jpg,B
00922.jpg,C
00923.jpg,A
00925.jpg,C
00926.jpg,B
00927.jpg,B
00933.jpg,B
00934.jpg,B
00935.jpg,A
00936.jpg,B
00938.jpg,A
00940.jpg,A
00950.jpg,B
00951.jpg,A
00953.jpg,C
00954.jpg,B
00955.jpg,B
00956.jpg,B
00958.jpg,C
00960.jpg,A
00963.jpg,C
00964.jpg,A
00965.jpg,B
00968.jpg,B
00970.jpg,A
00973.jpg,C
00974.jpg,A
00977.jpg,A
00978.jpg,B
00979.jpg,A
00984.jpg,B
00985.jpg,C
00988.jpg,A
00989.jpg,C
00990.jpg,A
00992.jpg,A
00995.jpg,A
00996.jpg,C
00998.jpg,C
01002.jpg,B
01004.jpg,A
01006.jpg,C
01007.jpg,A
01009.jpg,B
01011.jpg,B
01012.jpg,B
01014.jpg,B
01017.jpg,C
01018.jpg,B
01021.jpg,C
01022.jpg,C
01025.jpg,B
01026.jpg,A
01027.jpg,B
01028.jpg,B
01030.jpg,C
01032.jpg,B
01033.jpg,C
01034.jpg,B
01036.jpg,A
01037.jpg,B
01039.jpg,A
01040.jpg,B
01042.jpg,C
01043.jpg,C
01044.jpg,A
01046.jpg,C
01047.jpg,B
01050.jpg,B
01051.jpg,B
01054.jpg,C
01055.jpg,A
01059.jpg,C
01060.jpg,B
01062.jpg,A
01065.jpg,A
01066.jpg,C
01068.jpg,B
01070.jpg,C
01072.jpg,B
01073.jpg,C
01074.jpg,C
01080.jpg,C
01081.jpg,C
01082.jpg,B
01084.jpg,A
01085.jpg,B
01086.jpg,C
01087.jpg,B
01093.jpg,B
01094.jpg,C
01098.jpg,B
01099.jpg,C
01100.jpg,B
01101.jpg,C
01104.jpg,A
01105.jpg,B
01109.jpg,B
01118.jpg,B
01119.jpg,B
01121.jpg,B
01127.jpg,A
01128.jpg,B
01129.jpg,B
01131.jpg,C
01132.jpg,C
01133.jpg,A
01140.jpg,A
01141.jpg,A
01143.jpg,B
01148.jpg,C
01150.jpg,B
01151.jpg,B
01153.jpg,B
01154.jpg,B
01155.jpg,C
01156.jpg,C
01159.jpg,B
01160.jpg,B
01161.jpg,B
01162.jpg,A
01164.jpg,B
01166.jpg,C
01170.jpg,C
01171.jpg,C
01173.jpg,B
01176.jpg,B
01178.jpg,C
01179.jpg,B
01180.jpg,B
01181.jpg,C
01182.jpg,A
01183.jpg,A
01189.jpg,A
01190.jpg,C
01195.jpg,B
01196.jpg,B
01198.jpg,A
01202.jpg,B
01203.jpg,A
01205.jpg,B
01211.jpg,A
01212.jpg,A
01214.jpg,C
01215.jpg,B
01220.jpg,A
01221.jpg,C
01222.jpg,C
01226.jpg,B
01227.jpg,A
01231.jpg,B
01234.jpg,C
01239.jpg,A
01242.jpg,C
01243.jpg,C
01244.jpg,A
01245.jpg,C
01247.jpg,B
01252.jpg,B
01253.jpg,B
01254.jpg,A
01255.jpg,A
01258.jpg,B
01262.jpg,C
01263.jpg,A
01264.jpg,B
01266.jpg,C
01270.jpg,A
01271.jpg,A
01275.jpg,B
01276.jpg,B
01280.jpg,A
01283.jpg,C
01284.jpg,C
01285.jpg,B
01288.jpg,C
01289.jpg,A
01290.jpg,B
01291.jpg,C
01292.jpg,C
01295.jpg,C
01296.jpg,B
01297.jpg,C
01298.jpg,A
01299.jpg,B
01301.jpg,A
01303.jpg,A
01304.jpg,C
01305.jpg,B
01306.jpg,B
01307.jpg,B
01308.jpg,B
01309.jpg,B
01312.jpg,B
01313.jpg,B
01314.jpg,C
01317.jpg,B
01318.jpg,B
01319.jpg,B
01320.jpg,B
01323.jpg,B
01325.jpg,B
01327.jpg,B
01328.jpg,C
01331.jpg,B
01332.jpg,A
01333.jpg,A
01335.jpg,C
01337.jpg,B
01338.jpg,B
01340.jpg,C
01342.jpg,B
01345.jpg,B
01347.jpg,A
01351.jpg,A
01354.jpg,C
01355.jpg,C
01356.jpg,A
01357.jpg,A
01358.jpg,A
01359.jpg,C
01361.jpg,C
01362.jpg,A
01364.jpg,C
01366.jpg,A
01370.jpg,A
01371.jpg,C
01372.jpg,B
01374.jpg,C
01376.jpg,B
01379.jpg,A
01382.jpg,B
01384.jpg,B
01386.jpg,B
01387.jpg,A
01391.jpg,C
01392.jpg,B
01393.jpg,B
01394.jpg,C
01395.jpg,A
01397.jpg,B
01400.jpg,B
01403.jpg,C
01404.jpg,C
01405.jpg,C
01408.jpg,A
01411.jpg,A
01412.jpg,A
01415.jpg,B
01417.jpg,A
01418.jpg,B
01420.jpg,C
01421.jpg,B
01426.jpg,C
01427.jpg,B
01428.jpg,B
01429.jpg,B
01430.jpg,B
01431.jpg,B
01432.jpg,B
01433.jpg,C
01434.jpg,A
01438.jpg,B
01442.jpg,B
01443.jpg,B
01449.jpg,C
01451.jpg,C
01452.jpg,B
01454.jpg,A
01457.jpg,C
01459.jpg,B
01462.jpg,B
01466.jpg,C
01469.jpg,C
01471.jpg,B
01473.jpg,B
01475.jpg,C
01476.jpg,B
01479.jpg,B
01480.jpg,B
01487.jpg,A
01489.jpg,B
01490.jpg,B
01493.jpg,B
01494.jpg,B
01496.jpg,A
01497.jpg,B
01501.jpg,A
01502.jpg,C
01506.jpg,A
01508.jpg,A
01510.jpg,B
01514.jpg,B
01517.jpg,B
01518.jpg,A
01520.jpg,C
01522.jpg,B
01527.jpg,A
01529.jpg,C
01530.jpg,A
01532.jpg,A
01533.jpg,A
01536.jpg,C
01538.jpg,A
01540.jpg,A
01541.jpg,B
01542.jpg,B
01543.jpg,B
01544.jpg,A
01545.jpg,C
01547.jpg,C
01551.jpg,B
01552.jpg,B
01553.jpg,A
01556.jpg,B
01558.jpg,C
01560.jpg,B
01561.jpg,B
01563.jpg,C
01564.jpg,C
01568.jpg,C
01569.jpg,A
01571.jpg,A
01572.jpg,B
01574.jpg,A
01575.jpg,A
01577.jpg,C
01579.jpg,B
01580.jpg,C
01581.jpg,C
01582.jpg,B
01583.jpg,B
01584.jpg,A
01585.jpg,A
01586.jpg,C
01588.jpg,A
01593.jpg,A
01594.jpg,A
01595.jpg,A
01596.jpg,A
01597.jpg,B
01599.jpg,B
01606.jpg,A
01607.jpg,B
01608.jpg,C
01609.jpg,C
01611.jpg,A
01613.jpg,C
01614.jpg,A
01618.jpg,B
01619.jpg,A
01622.jpg,A
01624.jpg,C
01625.jpg,A
01626.jpg,C
01629.jpg,C
01630.jpg,B
01631.jpg,A
01632.jpg,A
01633.jpg,A
01638.jpg,A
01639.jpg,B
01641.jpg,B
01642.jpg,A
01644.jpg,A
01647.jpg,B
01650.jpg,C
01651.jpg,B
01654.jpg,A
01658.jpg,B
01659.jpg,B
01661.jpg,C
01663.jpg,B
01664.jpg,A
01665.jpg,C
01667.jpg,B
01668.jpg,A
01670.jpg,C
01672.jpg,A
01674.jpg,A
01675.jpg,B
01676.jpg,C
01685.jpg,B
01686.jpg,B
01689.jpg,B
01691.jpg,B
01695.jpg,B
01696.jpg,C
01697.jpg,C
01701.jpg,B
01703.jpg,A
01704.jpg,A
01706.jpg,B
01707.jpg,C
01710.jpg,B
01712.jpg,B
01713.jpg,C
01714.jpg,B
01716.jpg,A
01717.jpg,C
01718.jpg,A
01719.jpg,B
01720.jpg,B
01721.jpg,C
01723.jpg,B
01724.jpg,B
01725.jpg,B
01726.jpg,C
01727.jpg,B
01728.jpg,A
01730.jpg,B
01731.jpg,C
01733.jpg,B
01737.jpg,A
01740.jpg,B
01741.jpg,C
01742.jpg,C
01744.jpg,B
01745.jpg,B
01746.jpg,A
01749.jpg,B
01752.jpg,C
01754.jpg,B
01756.jpg,B
01758.jpg,C
01759.jpg,B
01760.jpg,B
01762.jpg,A
01766.jpg,A
01768.jpg,C
01770.jpg,B
01771.jpg,B
01773.jpg,A
01777.jpg,B
01778.jpg,B
01780.jpg,B
01781.jpg,B
01783.jpg,B
01785.jpg,B
01786.jpg,B
01788.jpg,C
01789.jpg,A
01791.jpg,A
01792.jpg,A
01793.jpg,B
01794.jpg,A
01796.jpg,B
01797.jpg,A
01798.jpg,A
01801.jpg,B
01803.jpg,C
01808.jpg,B
01809.jpg,B
01810.jpg,A
01811.jpg,B
01812.jpg,A
01813.jpg,B
01814.jpg,B
01815.jpg,A
01819.jpg,C
01820.jpg,A
01823.jpg,B
01824.jpg,C
01827.jpg,C
01829.jpg,B
01831.jpg,B
01832.jpg,B
01834.jpg,A
01835.jpg,B
01837.jpg,B
01838.jpg,A
01839.jpg,A
01840.jpg,B
01843.jpg,B
01845.jpg,B
01846.jpg,B
01850.jpg,A
01853.jpg,B
01854.jpg,A
01855.jpg,A
01857.jpg,C
01861.jpg,A
01863.jpg,C
01865.jpg,C
01866.jpg,C
01867.jpg,C
01868.jpg,C
01870.jpg,B
01871.jpg,A
01872.jpg,C
01874.jpg,A
01875.jpg,A
01876.jpg,B
01879.jpg,C
01881.jpg,B
01882.jpg,C
01887.jpg,C
01889.jpg,A
01890.jpg,A
01892.jpg,A
01893.jpg,C
01898.jpg,B
01901.jpg,A
01902.jpg,A
01903.jpg,A
01904.jpg,C
01905.jpg,B
01907.jpg,B
01908.jpg,B
01909.jpg,B
01910.jpg,A
01911.jpg,A
01913.jpg,B
01914.jpg,B
01915.jpg,A
01916.jpg,C
01919.jpg,C
01920.jpg,B
01928.jpg,A
01933.jpg,B
01934.jpg,A
01935.jpg,A
01936.jpg,A
01937.jpg,B
01938.jpg,A
01940.jpg,C
01945.jpg,C
01947.jpg,A
01948.jpg,B
01949.jpg,A
01950.jpg,A
01951.jpg,A
01954.jpg,A
01960.jpg,A
01961.jpg,C
01962.jpg,A
01967.jpg,C
01968.jpg,C
01970.jpg,C
01971.jpg,B
01972.jpg,C
01974.jpg,C
01975.jpg,C
01977.jpg,C
01978.jpg,B
01981.jpg,A
01982.jpg,B
01983.jpg,B
01984.jpg,A
01985.jpg,C
01986.jpg,B
01987.jpg,A
01988.jpg,B
01994.jpg,B
01995.jpg,A
01996.jpg,C
02000.jpg,A
02001.jpg,A
02002.jpg,B
02004.jpg,B
02005.jpg,B
02007.jpg,A
02008.jpg,A
02010.jpg,A
02012.jpg,C
02014.jpg,A
02018.jpg,A
02020.jpg,A
02021.jpg,C
02022.jpg,B
02023.jpg,B
02024.jpg,B
02025.jpg,C
02026.jpg,C
02029.jpg,B
02031.jpg,A
02033.jpg,C
02034.jpg,A
02035.jpg,B
02036.jpg,B
02037.jpg,C
02038.jpg,A
02039.jpg,C
02042.jpg,A
02045.jpg,C
02046.jpg,C
02047.jpg,C
02049.jpg,B
02050.jpg,A
02051.jpg,B
02052.jpg,B
02054.jpg,B
02055.jpg,A
02056.jpg,B
02060.jpg,B
02061.jpg,B
02064.jpg,A
02065.jpg,B
02066.jpg,C
02070.jpg,A
02072.jpg,B
02077.jpg,A
02079.jpg,A
02080.jpg,C
02083.jpg,C
02084.jpg,A
02085.jpg,C
02087.jpg,C
02088.jpg,B
02090.jpg,C
02092.jpg,A
02094.jpg,B
02096.jpg,C
02098.jpg,A
02100.jpg,C
02101.jpg,B
02103.jpg,A
02104.jpg,A
02107.jpg,B
02108.jpg,B
02114.jpg,A
02115.jpg,C
02118.jpg,C
02121.jpg,C
02122.jpg,A
02125.jpg,B
02128.jpg,B
02129.jpg,B
02131.jpg,B
02132.jpg,C
02137.jpg,A
02139.jpg,C
02140.jpg,C
02142.jpg,A
02144.jpg,B
02148.jpg,B
02151.jpg,C
02152.jpg,A
02153.jpg,A
02154.jpg,A
02155.jpg,A
02156.jpg,B
02158.jpg,A
02161.jpg,B
02162.jpg,B
02163.jpg,A
02164.jpg,B
02166.jpg,A
02169.jpg,A
02170.jpg,A
02174.jpg,A
02180.jpg,A
02184.jpg,A
02185.jpg,B
02191.jpg,C
02192.jpg,A
02193.jpg,B
02194.jpg,C
02195.jpg,A
02196.jpg,A
02198.jpg,A
02199.jpg,A
02203.jpg,C
02204.jpg,B
02205.jpg,A
02206.jpg,B
02207.jpg,A
02211.jpg,A
02214.jpg,B
02218.jpg,A
02220.jpg,B
02221.jpg,A
02222.jpg,B
02223.jpg,B
02224.jpg,B
02226.jpg,B
02228.jpg,B
02230.jpg,C
02232.jpg,A
02235.jpg,A
02236.jpg,C
02239.jpg,A
02240.jpg,B
02241.jpg,B
02244.jpg,A
02245.jpg,B
02248.jpg,B
02249.jpg,B
02251.jpg,B
02256.jpg,B
02258.jpg,C
02259.jpg,A
02261.jpg,B
02265.jpg,A
02266.jpg,A
02268.jpg,B
02269.jpg,C
02279.jpg,B
02280.jpg,C
02281.jpg,A
02282.jpg,B
02283.jpg,C
02284.jpg,A
02285.jpg,C
02287.jpg,C
02289.jpg,A
02291.jpg,B
02293.jpg,B
02294.jpg,C
02297.jpg,A
02299.jpg,B
02300.jpg,B
02303.jpg,C
02304.jpg,A
02305.jpg,B
02306.jpg,C
02307.jpg,A
02308.jpg,A
02309.jpg,A
02310.jpg,C
02311.jpg,B
02314.jpg,A
02315.jpg,A
02316.jpg,A
02317.jpg,A
02319.jpg,B
02321.jpg,C
02322.jpg,A
02324.jpg,C
02325.jpg,C
02327.jpg,B
02330.jpg,A
02333.jpg,B
02334.jpg,C
02336.jpg,B
02338.jpg,A
02339.jpg,B
02340.jpg,B
02341.jpg,C
02344.jpg,A
02345.jpg,B
02346.jpg,B
02349.jpg,A
02350.jpg,C
02352.jpg,B
02354.jpg,B
02355.jpg,B
02356.jpg,A
02357.jpg,B
02362.jpg,A
02363.jpg,B
02366.jpg,A
02368.jpg,B
02369.jpg,B
02372.jpg,A
02375.jpg,B
02377.jpg,A
02378.jpg,B
02379.jpg,A
02380.jpg,B
02384.jpg,B
02386.jpg,B
02391.jpg,B
02392.jpg,B
02395.jpg,B
02396.jpg,B
02399.jpg,A
02400.jpg,A
02401.jpg,B
02403.jpg,A
02405.jpg,A
02406.jpg,A
02407.jpg,A
02409.jpg,B
02410.jpg,B
02413.jpg,B
02414.jpg,C
02417.jpg,C
02418.jpg,B
02419.jpg,C
02420.jpg,B
02422.jpg,A
02425.jpg,B
02426.jpg,B
02427.jpg,A
02428.jpg,A
02429.jpg,B
02431.jpg,B
02433.jpg,A
02434.jpg,C
02435.jpg,B
02437.jpg,B
02438.jpg,B
02441.jpg,A
02442.jpg,B
02444.jpg,C
02450.jpg,A
02454.jpg,B
02455.jpg,B
02457.jpg,B
02459.jpg,A
02460.jpg,A
02461.jpg,A
02463.jpg,B
02465.jpg,C
02466.jpg,C
02468.jpg,B
02469.jpg,B
02470.jpg,A
02472.jpg,C
02473.jpg,A
02474.jpg,A
02476.jpg,B
02477.jpg,B
02478.jpg,C
02480.jpg,C
02481.jpg,B
02482.jpg,B
02483.jpg,C
02485.jpg,A
02486.jpg,A
02491.jpg,B
02494.jpg,A
02495.jpg,C
02500.jpg,C
02503.jpg,B
02504.jpg,B
02508.jpg,B
02513.jpg,B
02516.jpg,A
02518.jpg,A
02519.jpg,A
02520.jpg,C
02523.jpg,A
02524.jpg,B
02526.jpg,B
02528.jpg,A
02530.jpg,A
02532.jpg,B
02534.jpg,B
02535.jpg,C
02536.jpg,C
02540.jpg,A
02541.jpg,A
02543.jpg,B
02546.jpg,A
02547.jpg,B
02548.jpg,C
02549.jpg,B
02550.jpg,B
02551.jpg,B
02553.jpg,C
02554.jpg,C
02555.jpg,A
02557.jpg,A
02558.jpg,B
02559.jpg,C
02560.jpg,C
02561.jpg,B
02565.jpg,B
02567.jpg,A
02570.jpg,B
02573.jpg,B
02574.jpg,C
02575.jpg,B
02578.jpg,B
02581.jpg,C
02582.jpg,A
02585.jpg,B
02588.jpg,A
02590.jpg,A
02591.jpg,A
02592.jpg,A
02597.jpg,A
02598.jpg,C
02601.jpg,B
02602.jpg,C
02606.jpg,A
02607.jpg,A
02608.jpg,A
02610.jpg,A
02612.jpg,A
02613.jpg,A
02615.jpg,B
02616.jpg,A
02617.jpg,A
02619.jpg,B
02620.jpg,C
02624.jpg,C
02628.jpg,B
02631.jpg,C
02633.jpg,B
02634.jpg,B
02635.jpg,B
02636.jpg,C
02637.jpg,B
02638.jpg,B
02639.jpg,B
02640.jpg,B
02643.jpg,C
02644.jpg,A
02647.jpg,A
02648.jpg,C
02649.jpg,B
02652.jpg,A
02654.jpg,A
02655.jpg,A
02659.jpg,C
02660.jpg,C
02661.jpg,B
02662.jpg,A
02664.jpg,B
02665.jpg,A
02666.jpg,B
02669.jpg,A
02672.jpg,B
02673.jpg,A
02674.jpg,B
02675.jpg,B
02677.jpg,A
02678.jpg,C
02679.jpg,A
02684.jpg,B
02688.jpg,B
02689.jpg,B
02690.jpg,B
02691.jpg,C
02693.jpg,B
02694.jpg,C
02697.jpg,B
02698.jpg,C
02699.jpg,B
02700.jpg,B
02702.jpg,A
02703.jpg,C
02704.jpg,A
02705.jpg,C
02708.jpg,C
02710.jpg,B
02713.jpg,B
02715.jpg,A
02716.jpg,C
02717.jpg,C
02718.jpg,A
02723.jpg,B
02726.jpg,A
02728.jpg,B
02729.jpg,C
02731.jpg,B
02732.jpg,B
02735.jpg,C
02741.jpg,A
02742.jpg,A
02743.jpg,B
02744.jpg,A
02747.jpg,B
02749.jpg,B
02751.jpg,A
02752.jpg,C
02755.jpg,B
02756.jpg,B
02757.jpg,A
02758.jpg,A
02759.jpg,B
02762.jpg,B
02764.jpg,B
02767.jpg,B
02769.jpg,A
02770.jpg,A
02780.jpg,B
02781.jpg,B
02783.jpg,B
02787.jpg,B
02788.jpg,C
02790.jpg,A
02792.jpg,C
02793.jpg,A
02794.jpg,B
02796.jpg,A
02797.jpg,B
02799.jpg,B
02800.jpg,A
02801.jpg,B
02802.jpg,B
02804.jpg,C
02805.jpg,B
02806.jpg,A
02807.jpg,C
02808.jpg,A
02809.jpg,C
02812.jpg,B
02813.jpg,A
02815.jpg,B
02817.jpg,B
02818.jpg,B
02821.jpg,A
02825.jpg,B
02826.jpg,B
02827.jpg,B
02828.jpg,C
02829.jpg,A
02830.jpg,C
02831.jpg,B
02832.jpg,B
02833.jpg,B
02834.jpg,C
02835.jpg,C
02836.jpg,A
02837.jpg,A
02842.jpg,B
02843.jpg,B
02848.jpg,A
02849.jpg,B
02850.jpg,C
02851.jpg,A
02852.jpg,C
02856.jpg,B
02857.jpg,C
02858.jpg,A
02859.jpg,C
02860.jpg,B
02862.jpg,A
02869.jpg,B
02871.jpg,A
02874.jpg,C
02876.jpg,B
02878.jpg,C
02880.jpg,A
02881.jpg,B
02884.jpg,C
02890.jpg,C
02891.jpg,B
02892.jpg,A
02893.jpg,C
02894.jpg,C
02896.jpg,C
02899.jpg,A
02900.jpg,A
02901.jpg,A
02902.jpg,B
02906.jpg,C
02908.jpg,B
02911.jpg,A
02912.jpg,C
02913.jpg,A
02916.jpg,B
02917.jpg,A
02919.jpg,B
02924.jpg,A
02925.jpg,B
02926.jpg,B
02927.jpg,C
02930.jpg,B
02932.jpg,A
02933.jpg,A
02938.jpg,C
02939.jpg,B
02942.jpg,C
02944.jpg,C
02945.jpg,B
02947.jpg,B
02950.jpg,C
02952.jpg,B
02956.jpg,B
02958.jpg,B
02960.jpg,B
02961.jpg,C
02962.jpg,A
02964.jpg,B
02965.jpg,A
02967.jpg,A
02968.jpg,B
02971.jpg,A
02975.jpg,B
02976.jpg,A
02980.jpg,B
02982.jpg,B
02985.jpg,B
02986.jpg,A
02987.jpg,B
02990.jpg,C
02991.jpg,A
02994.jpg,B
02996.jpg,A
02997.jpg,A
02998.jpg,A
03001.jpg,B
03002.jpg,C
03003.jpg,B
03006.jpg,B
03007.jpg,C
03009.jpg,C
03011.jpg,A
03013.jpg,A
03014.jpg,B
03019.jpg,B
03020.jpg,B
03022.jpg,B
03023.jpg,C
03024.jpg,C
03025.jpg,C
03026.jpg,C
03028.jpg,B
03029.jpg,A
03031.jpg,C
03032.jpg,A
03033.jpg,C
03034.jpg,B
03035.jpg,C
03037.jpg,B
03044.jpg,B
03045.jpg,B
03047.jpg,A
03048.jpg,B
03049.jpg,C
03050.jpg,B
03051.jpg,B
03054.jpg,B
03055.jpg,B
03059.jpg,C
03065.jpg,B
03067.jpg,A
03069.jpg,B
03070.jpg,A
03071.jpg,B
03074.jpg,A
03075.jpg,A
03077.jpg,A
03078.jpg,B
03079.jpg,B
03080.jpg,B
03081.jpg,A
03082.jpg,B
03090.jpg,B
03091.jpg,C
03092.jpg,C
03093.jpg,B
03094.jpg,B
03096.jpg,C
03097.jpg,C
03098.jpg,B
03100.jpg,A
03103.jpg,B
03104.jpg,C
03105.jpg,C
03108.jpg,A
03110.jpg,C
03112.jpg,B
03113.jpg,C
03114.jpg,A
03115.jpg,B
03117.jpg,A
03118.jpg,A
03119.jpg,A
03121.jpg,A
03125.jpg,B
03127.jpg,A
03128.jpg,C
03130.jpg,B
03134.jpg,C
03137.jpg,B
03138.jpg,A
03139.jpg,C
03140.jpg,B
03141.jpg,B
03143.jpg,A
03145.jpg,C
03146.jpg,B
03150.jpg,C
03151.jpg,C
03152.jpg,A
03156.jpg,A
03158.jpg,C
03159.jpg,B
03161.jpg,A
03162.jpg,C
03163.jpg,C
03165.jpg,C
03167.jpg,A
03168.jpg,C
03169.jpg,B
03173.jpg,C
03174.jpg,C
03176.jpg,C
03178.jpg,B
03181.jpg,C
03182.jpg,B
03184.jpg,C
03189.jpg,A
03191.jpg,B
03192.jpg,B
03194.jpg,C
03195.jpg,C
03198.jpg,C
03199.jpg,B
03202.jpg,B
03203.jpg,B
03210.jpg,A
03211.jpg,C
03212.jpg,B
03213.jpg,B
03215.jpg,C
03216.jpg,B
03217.jpg,A
03218.jpg,A
03220.jpg,B
03224.jpg,B
03225.jpg,B
03227.jpg,B
03230.jpg,B
03232.jpg,C
03234.jpg,B
03235.jpg,C
03237.jpg,B
03239.jpg,B
03240.jpg,C
03243.jpg,A
03244.jpg,A
03245.jpg,A
03246.jpg,B
03248.jpg,A
03249.jpg,B
03250.jpg,A
03251.jpg,B
03252.jpg,B
03253.jpg,A
03255.jpg,A
03256.jpg,A
03257.jpg,C
03261.jpg,A
03262.jpg,A
03263.jpg,B
03265.jpg,B
03269.jpg,C
03270.jpg,C
03272.jpg,C
03273.jpg,A
03275.jpg,B
03278.jpg,C
03280.jpg,C
03281.jpg,A
03282.jpg,C
03283.jpg,B
03285.jpg,C
03286.jpg,B
03287.jpg,C
03288.jpg,C
03289.jpg,A
03291.jpg,B
03293.jpg,B
03297.jpg,C
03298.jpg,A
03299.jpg,B
03300.jpg,A
03303.jpg,B
03304.jpg,B
03305.jpg,A
03307.jpg,B
03313.jpg,B
03315.jpg,A
03316.jpg,B
03318.jpg,B
03319.jpg,A
03320.jpg,A
03321.jpg,A
03322.jpg,B
03323.jpg,A
03326.jpg,C
03327.jpg,A
03328.jpg,B
03330.jpg,C
03331.jpg,C
03332.jpg,C
03333.jpg,C
03334.jpg,B
03337.jpg,C
03339.jpg,B
03343.jpg,A
03344.jpg,A
03345.jpg,B
03351.jpg,B
03352.jpg,C
03356.jpg,C
03358.jpg,B
03360.jpg,C
03361.jpg,A
03363.jpg,C
03364.jpg,B
03367.jpg,C
03368.jpg,C
03369.jpg,B
03371.jpg,B
03372.jpg,A
03373.jpg,C
03376.jpg,A
03377.jpg,A
03379.jpg,A
03380.jpg,C
03381.jpg,B
03382.jpg,B
03383.jpg,A
03385.jpg,A
03386.jpg,A
03387.jpg,B
03388.jpg,C
03391.jpg,B
03395.jpg,A
03396.jpg,C
03399.jpg,C
03400.jpg,A
03402.jpg,B
03404.jpg,C
03405.jpg,B
03406.jpg,B
03407.jpg,A
03411.jpg,A
03412.jpg,A
03415.jpg,B
03416.jpg,B
03417.jpg,A
03418.jpg,B
03420.jpg,C
03424.jpg,B
03425.jpg,A
03426.jpg,A
03428.jpg,C
03431.jpg,A
03432.jpg,A
03434.jpg,A
03436.jpg,A
03437.jpg,B
03438.jpg,B
03439.jpg,B
03440.jpg,C
03441.jpg,C
03442.jpg,B
03443.jpg,B
03444.jpg,A
03449.jpg,C
03450.jpg,B
03452.jpg,C
03453.jpg,A
03455.jpg,A
03456.jpg,B
03458.jpg,C
03459.jpg,A
03461.jpg,B
03462.jpg,B
03464.jpg,C
03466.jpg,A
03467.jpg,A
03470.jpg,B
03471.jpg,C
03472.jpg,B
03474.jpg,C
03476.jpg,C
03477.jpg,C
03481.jpg,B
03482.jpg,A
03485.jpg,B
03486.jpg,C
03488.jpg,B
03490.jpg,A
03491.jpg,A
03492.jpg,B
03494.jpg,A
03496.jpg,C
03497.jpg,B
03498.jpg,A
03499.jpg,B
03503.jpg,A
03505.jpg,A
03506.jpg,C
03509.jpg,C
03510.jpg,B
03511.jpg,A
03513.jpg,A
03514.jpg,A
03521.jpg,B
03525.jpg,A
03526.jpg,C
03527.jpg,A
03529.jpg,B
03533.jpg,A
03534.jpg,A
03539.jpg,B
03541.jpg,B
03545.jpg,A
03551.jpg,C
03555.jpg,B
03556.jpg,B
03559.jpg,C
03560.jpg,C
03562.jpg,C
03564.jpg,A
03566.jpg,A
03567.jpg,A
03568.jpg,B
03571.jpg,B
03572.jpg,C
03577.jpg,B
03579.jpg,A
03580.jpg,C
03581.jpg,B
03582.jpg,C
03583.jpg,C
03584.jpg,C
03587.jpg,C
03588.jpg,B
03592.jpg,C
03593.jpg,B
03595.jpg,A
03596.jpg,B
03597.jpg,C
03598.jpg,B
03599.jpg,B
03603.jpg,B
03607.jpg,B
03608.jpg,B
03609.jpg,C
03610.jpg,C
03611.jpg,B
03612.jpg,B
03614.jpg,C
03615.jpg,B
03616.jpg,B
03617.jpg,A
03618.jpg,C
03622.jpg,A
03623.jpg,B
03625.jpg,B
03630.jpg,C
03631.jpg,A
03634.jpg,B
03635.jpg,A
03638.jpg,C
03641.jpg,B
03643.jpg,A
03647.jpg,C
03650.jpg,B
03652.jpg,C
03653.jpg,C
03655.jpg,C
03656.jpg,B
03657.jpg,C
03661.jpg,C
03664.jpg,A
03665.jpg,B
03666.jpg,B
03667.jpg,B
03668.jpg,C
03669.jpg,B
03671.jpg,B
03672.jpg,C
03674.jpg,C
03675.jpg,C
03677.jpg,A
03680.jpg,B
03681.jpg,A
03682.jpg,B
03683.jpg,A
03685.jpg,A
03686.jpg,C
03690.jpg,B
03691.jpg,A
03693.jpg,A
03696.jpg,A
03697.jpg,B
03698.jpg,B
03700.jpg,A
03701.jpg,A
03702.jpg,A
03705.jpg,C
03706.jpg,A
03707.jpg,C
03710.jpg,A
03711.jpg,A
03713.jpg,C
03715.jpg,C
03717.jpg,A
03722.jpg,B
03724.jpg,A
03726.jpg,B
03729.jpg,A
03731.jpg,A
03732.jpg,A
03733.jpg,C
03735.jpg,A
03737.jpg,A
03738.jpg,A
03739.jpg,A
03742.jpg,B
03744.jpg,A
03748.jpg,B
03751.jpg,A
03752.jpg,C
03753.jpg,A
03755.jpg,B
03757.jpg,C
03759.jpg,B
03761.jpg,C
03764.jpg,B
03765.jpg,A
03766.jpg,B
03769.jpg,B
03773.jpg,A
03776.jpg,C
03777.jpg,B
03778.jpg,C
03779.jpg,B
03780.jpg,A
03781.jpg,B
03782.jpg,B
03783.jpg,A
03785.jpg,A
03788.jpg,A
03790.jpg,C
03791.jpg,B
03792.jpg,B
03794.jpg,C
03801.jpg,C
03802.jpg,C
03803.jpg,B
03804.jpg,C
03805.jpg,A
03808.jpg,A
03811.jpg,B
03813.jpg,A
03814.jpg,A
03818.jpg,B
03819.jpg,C
03820.jpg,A
03822.jpg,C
03823.jpg,C
03825.jpg,B
03827.jpg,A
03828.jpg,C
03830.jpg,A
03831.jpg,B
03832.jpg,C
03834.jpg,B
03835.jpg,B
03837.jpg,B
03840.jpg,C
03842.jpg,B
03843.jpg,B
03845.jpg,A
03846.jpg,C
03852.jpg,A
03853.jpg,C
03854.jpg,B
03855.jpg,B
03856.jpg,A
03857.jpg,B
03858.jpg,C
03865.jpg,C
03868.jpg,C
03869.jpg,C
03871.jpg,B
03872.jpg,A
03874.jpg,B
03876.jpg,B
03877.jpg,B
03878.jpg,A
03879.jpg,B
03881.jpg,B
03882.jpg,B
03884.jpg,B
03887.jpg,C
03892.jpg,A
03895.jpg,A
03897.jpg,A
03898.jpg,A
03902.jpg,C
03903.jpg,C
03905.jpg,C
03906.jpg,A
03907.jpg,C
03908.jpg,B
03909.jpg,A
03910.jpg,A
03911.jpg,A
03914.jpg,A
03915.jpg,A
03916.jpg,C
03917.jpg,B
03918.jpg,A
03919.jpg,C
03920.jpg,B
03921.jpg,B
03922.jpg,B
03924.jpg,B
03925.jpg,B
03926.jpg,C
03929.jpg,B
03932.jpg,B
03933.jpg,A
03935.jpg,B
03936.jpg,C
03938.jpg,A
03940.jpg,C
03941.jpg,C
03942.jpg,B
03944.jpg,A
03945.jpg,B
03946.jpg,A
03950.jpg,A
03951.jpg,A
03952.jpg,A
03955.jpg,B
03956.jpg,C
03957.jpg,C
03962.jpg,C
03964.jpg,A
03965.jpg,C
03966.jpg,B
03968.jpg,A
03969.jpg,B
03970.jpg,B
03972.jpg,B
03973.jpg,B
03977.jpg,C
03978.jpg,B
03979.jpg,C
03983.jpg,C
03984.jpg,C
03985.jpg,B
03986.jpg,A
03990.jpg,C
03991.jpg,C
03992.jpg,A
03994.jpg,A
03997.jpg,A
03998.jpg,B
03999.jpg,A
04002.jpg,B
04003.jpg,B
04004.jpg,A
04005.jpg,B
04007.jpg,B
04014.jpg,B
04016.jpg,A
04018.jpg,C
04020.jpg,B
04023.jpg,B
04026.jpg,A
04028.jpg,C
04032.jpg,B
04033.jpg,C
04035.jpg,C
04037.jpg,A
04038.jpg,C
04040.jpg,B
04041.jpg,C
04045.jpg,C
04046.jpg,C
04048.jpg,B
04054.jpg,A
04055.jpg,A
04056.jpg,C
04057.jpg,B
04059.jpg,A
04061.jpg,B
04062.jpg,B
04063.jpg,A
04066.jpg,B
04067.jpg,C
04069.jpg,B
04071.jpg,A
04073.jpg,A
04074.jpg,A
04075.jpg,C
04076.jpg,B
04078.jpg,C
04081.jpg,B
04083.jpg,A
04085.jpg,B
04087.jpg,B
04088.jpg,A
04090.jpg,B
04091.jpg,C
04093.jpg,B
04094.jpg,C
04095.jpg,C
04096.jpg,A
04097.jpg,B
04098.jpg,C
04100.jpg,C
04103.jpg,B
04104.jpg,C
04106.jpg,B
04107.jpg,B
04109.jpg,B
04110.jpg,B
04111.jpg,C
04114.jpg,B
04116.jpg,A
04117.jpg,C
04119.jpg,B
04120.jpg,C
04122.jpg,B
04123.jpg,B
04125.jpg,A
04126.jpg,A
04127.jpg,A
04129.jpg,B
04132.jpg,C
04135.jpg,B
04137.jpg,B
04140.jpg,C
04141.jpg,A
04143.jpg,C
04146.jpg,B
04148.jpg,A
04149.jpg,B
04150.jpg,B
04151.jpg,B
04152.jpg,B
04153.jpg,B
04154.jpg,C
04159.jpg,C
04160.jpg,A
04162.jpg,C
04167.jpg,A
04169.jpg,B
04175.jpg,A
04177.jpg,A
04179.jpg,A
04180.jpg,B
04181.jpg,C
04182.jpg,B
04183.jpg,A
04184.jpg,B
04187.jpg,C
04188.jpg,B
04189.jpg,C
04190.jpg,A
04191.jpg,C
04194.jpg,C
04198.jpg,B
04199.jpg,C
04202.jpg,A
04203.jpg,C
04204.jpg,B
04206.jpg,B
04208.jpg,C
04209.jpg,A
04210.jpg,A
04213.jpg,B
04214.jpg,B
04216.jpg,B
04217.jpg,C
04218.jpg,C
04220.jpg,A
04222.jpg,A
04223.jpg,A
04225.jpg,C
04227.jpg,C
04228.jpg,A
04229.jpg,A
04231.jpg,B
04232.jpg,B
04233.jpg,B
04235.jpg,C
04236.jpg,B
04241.jpg,A
04242.jpg,C
04244.jpg,B
04245.jpg,A
04247.jpg,A
04249.jpg,B
04250.jpg,B
04252.jpg,A
04254.jpg,C
04257.jpg,A
04258.jpg,C
04259.jpg,C
04261.jpg,A
04263.jpg,B
04265.jpg,C
04267.jpg,B
04268.jpg,A
04269.jpg,C
04270.jpg,B
04271.jpg,A
04272.jpg,B
04273.jpg,B
04276.jpg,C
04277.jpg,C
04279.jpg,B
04282.jpg,C
04284.jpg,B
04286.jpg,C
04287.jpg,C
04290.jpg,A
04291.jpg,C
04293.jpg,B
04295.jpg,A
04296.jpg,C
04297.jpg,B
04298.jpg,C
04299.jpg,C
04301.jpg,A
04304.jpg,B
04305.jpg,B
04306.jpg,C
04307.jpg,A
04311.jpg,B
04313.jpg,C
04315.jpg,C
04316.jpg,A
04317.jpg,C
04318.jpg,A
04319.jpg,A
04320.jpg,C
04321.jpg,B
04322.jpg,B
04323.jpg,B
04324.jpg,C
04325.jpg,C
04328.jpg,B
04330.jpg,B
04332.jpg,A
04336.jpg,A
04339.jpg,A
04340.jpg,C
04341.jpg,A
04343.jpg,B
04344.jpg,B
04345.jpg,C
04346.jpg,C
04347.jpg,A
04348.jpg,C
04350.jpg,A
04351.jpg,B
04353.jpg,A
04355.jpg,A
04356.jpg,B
04358.jpg,C
04360.jpg,A
04361.jpg,B
04362.jpg,B
04364.jpg,B
04366.jpg,B
04367.jpg,C
04368.jpg,C
04371.jpg,A
04372.jpg,A
04373.jpg,A
04378.jpg,A
04380.jpg,B
04381.jpg,B
04382.jpg,B
04384.jpg,B
04385.jpg,C
04386.jpg,C
04391.jpg,C
04394.jpg,B
04395.jpg,C
04397.jpg,A
04398.jpg,A
04399.jpg,A
04401.jpg,B
04402.jpg,B
04404.jpg,B
04406.jpg,B
04407.jpg,A
04408.jpg,C
04409.jpg,B
04411.jpg,B
04412.jpg,B
04414.jpg,B
04416.jpg,B
04417.jpg,A
04419.jpg,A
04420.jpg,A
04424.jpg,B
04429.jpg,C
04431.jpg,B
04432.jpg,A
04433.jpg,B
04436.jpg,A
04437.jpg,C
04438.jpg,B
04443.jpg,B
04444.jpg,C
04445.jpg,B
04446.jpg,B
04447.jpg,C
04448.jpg,A
04449.jpg,C
04452.jpg,A
04454.jpg,C
04456.jpg,A
04457.jpg,A
04458.jpg,B
04459.jpg,C
04461.jpg,C
04463.jpg,A
04471.jpg,A
04472.jpg,B
04473.jpg,B
04474.jpg,C
04477.jpg,A
04478.jpg,A
04480.jpg,C
04481.jpg,B
04482.jpg,A
04483.jpg,C
04484.jpg,B
04485.jpg,A
04486.jpg,A
04487.jpg,B
04488.jpg,C
04491.jpg,B
04495.jpg,A
04498.jpg,C
04499.jpg,B
04500.jpg,C
04501.jpg,B
04502.jpg,C
04503.jpg,B
04505.jpg,A
04506.jpg,C
04508.jpg,A
04511.jpg,A
04515.jpg,B
04516.jpg,C
04518.jpg,A
04519.jpg,B
04521.jpg,B
04522.jpg,B
04525.jpg,A
04526.jpg,C
04527.jpg,B
04528.jpg,A
04531.jpg,C
04533.jpg,B
04535.jpg,C
04536.jpg,A
04539.jpg,B
04542.jpg,B
04543.jpg,B
04544.jpg,C
04546.jpg,B
04547.jpg,C
04548.jpg,A
04549.jpg,A
04550.jpg,C
04552.jpg,B
04553.jpg,B
04557.jpg,C
04558.jpg,B
04559.jpg,C
04560.jpg,B
04562.jpg,C
04563.jpg,C
04566.jpg,C
04567.jpg,B
04570.jpg,A
04571.jpg,B
04573.jpg,B
04576.jpg,A
04577.jpg,C
04578.jpg,C
04579.jpg,B
04581.jpg,B
04582.jpg,C
04585.jpg,C
04588.jpg,C
04590.jpg,C
04592.jpg,C
04594.jpg,B
04596.jpg,A
04597.jpg,B
04599.jpg,B
04601.jpg,A
04604.jpg,A
04605.jpg,A
04607.jpg,B
04608.jpg,A
04609.jpg,B
04611.jpg,A
04612.jpg,B
04615.jpg,B
04616.jpg,C
04617.jpg,A
04618.jpg,B
04627.jpg,C
04631.jpg,C
04633.jpg,A
04634.jpg,A
04635.jpg,C
04638.jpg,C
04640.jpg,A
04644.jpg,A
04646.jpg,B
04647.jpg,B
04650.jpg,C
04653.jpg,C
04654.jpg,A
04655.jpg,C
04657.jpg,A
04659.jpg,C
04664.jpg,A
04665.jpg,C
04667.jpg,A
04669.jpg,C
04672.jpg,C
04673.jpg,B
04674.jpg,B
04675.jpg,A
04676.jpg,C
04677.jpg,C
04678.jpg,B
04679.jpg,C
04680.jpg,A
04683.jpg,A
04684.jpg,B
04687.jpg,B
04692.jpg,B
04695.jpg,C
04697.jpg,A
04698.jpg,C
04699.jpg,B
04703.jpg,A
04704.jpg,B
04705.jpg,B
04706.jpg,C
04708.jpg,A
04709.jpg,B
04712.jpg,C
04713.jpg,C
04714.jpg,C
04715.jpg,C
04716.jpg,C
04718.jpg,B
04720.jpg,A
04722.jpg,B
04723.jpg,B
04725.jpg,A
04728.jpg,B
04730.jpg,B
04731.jpg,B
04732.jpg,C
04733.jpg,A
04735.jpg,A
04738.jpg,A
04739.jpg,A
04742.jpg,C
04743.jpg,A
04744.jpg,A
04747.jpg,B
04749.jpg,C
04752.jpg,C
04753.jpg,B
04756.jpg,A
04758.jpg,C
04760.jpg,C
04762.jpg,C
04764.jpg,B
04766.jpg,B
04767.jpg,B
04768.jpg,B
04770.jpg,B
04771.jpg,B
04773.jpg,B
04777.jpg,C
04778.jpg,B
04779.jpg,B
04782.jpg,A
04784.jpg,A
04787.jpg,C
04788.jpg,B
04789.jpg,C
04791.jpg,A
04792.jpg,B
04793.jpg,A
04795.jpg,C
04799.jpg,A
04801.jpg,A
04802.jpg,C
04804.jpg,C
04806.jpg,B
04810.jpg,A
04811.jpg,B
04812.jpg,C
04814.jpg,A
04816.jpg,B
04818.jpg,A
04819.jpg,A
04822.jpg,C
04823.jpg,C
04825.jpg,A
04828.jpg,B
04830.jpg,B
04835.jpg,B
04839.jpg,C
04840.jpg,C
04842.jpg,B
04843.jpg,B
04845.jpg,B
04847.jpg,B
04848.jpg,A
04849.jpg,A
04852.jpg,A
04853.jpg,B
04858.jpg,C
04861.jpg,A
04862.jpg,B
04866.jpg,A
04867.jpg,A
04869.jpg,A
04872.jpg,C
04873.jpg,A
04874.jpg,A
04875.jpg,B
04878.jpg,B
04879.jpg,C
04880.jpg,B
04881.jpg,C
04882.jpg,C
04883.jpg,B
04884.jpg,B
04885.jpg,C
04889.jpg,B
04890.jpg,A
04891.jpg,A
04894.jpg,B
04895.jpg,A
04899.jpg,A
04902.jpg,B
04904.jpg,C
04906.jpg,A
04907.jpg,C
04908.jpg,C
04910.jpg,C
04911.jpg,B
04912.jpg,B
04915.jpg,C
04917.jpg,A
04919.jpg,A
04920.jpg,C
04921.jpg,A
04923.jpg,A
04925.jpg,B
04926.jpg,B
04928.jpg,C
04929.jpg,B
04930.jpg,A
04931.jpg,B
04933.jpg,A
04934.jpg,C
04935.jpg,B
04941.jpg,B
04943.jpg,B
04945.jpg,B
04946.jpg,A
04949.jpg,A
04951.jpg,A
04957.jpg,C
04959.jpg,B
04964.jpg,C
04965.jpg,B
04966.jpg,B
04969.jpg,B
04971.jpg,A
04974.jpg,B
04977.jpg,A
04978.jpg,C
04979.jpg,B
04981.jpg,C
04984.jpg,A
04986.jpg,B
04987.jpg,B
04988.jpg,C
04990.jpg,A
04991.jpg,B
04994.jpg,A
04996.jpg,C
04997.jpg,C
04998.jpg,C
05002.jpg,A
05003.jpg,A
05004.jpg,C
05008.jpg,B
05009.jpg,C
05010.jpg,A
05011.jpg,B
05014.jpg,A
05018.jpg,B
05020.jpg,A
05021.jpg,B
05022.jpg,B
05023.jpg,A
05024.jpg,C
05025.jpg,B
05029.jpg,C
05030.jpg,C
05031.jpg,B
05032.jpg,B
05034.jpg,B
05035.jpg,B
05036.jpg,A
05037.jpg,C
05040.jpg,C
05042.jpg,C
05044.jpg,B
05048.jpg,B
05050.jpg,B
05051.jpg,B
05052.jpg,B
05053.jpg,B
05054.jpg,B
05056.jpg,C
05057.jpg,A
05058.jpg,C
05062.jpg,A
05063.jpg,B
05064.jpg,A
05066.jpg,B
05067.jpg,A
05071.jpg,C
05072.jpg,B
05075.jpg,A
05076.jpg,B
05077.jpg,B
05078.jpg,C
05079.jpg,C
05080.jpg,C
05083.jpg,B
05084.jpg,B
05085.jpg,C
05093.jpg,A
05094.jpg,B
05098.jpg,A
05099.jpg,C
05103.jpg,C
05104.jpg,A
05107.jpg,C
05108.jpg,C
05110.jpg,A
05111.jpg,B
05113.jpg,B
05114.jpg,A
05119.jpg,B
05122.jpg,B
05123.jpg,B
05125.jpg,C
05126.jpg,B
05127.jpg,C
05131.jpg,B
05132.jpg,C
05136.jpg,C
05137.jpg,C
05138.jpg,B
05140.jpg,A
05143.jpg,B
05144.jpg,C
05145.jpg,C
05148.jpg,A
05149.jpg,B
05150.jpg,C
05152.jpg,B
05153.jpg,C
05155.jpg,A
05156.jpg,C
05158.jpg,C
05159.jpg,B
05160.jpg,B
05161.jpg,B
05163.jpg,A
05164.jpg,A
05166.jpg,C
05168.jpg,B
05169.jpg,C
05171.jpg,A
05172.jpg,B
05173.jpg,B
05177.jpg,C
05183.jpg,C
05185.jpg,C
05187.jpg,B
05190.jpg,C
05192.jpg,A
05193.jpg,A
05195.jpg,B
05197.jpg,B
05198.jpg,A
05200.jpg,B
05201.jpg,C
05202.jpg,B
05203.jpg,B
05204.jpg,B
05210.jpg,B
05212.jpg,A
05213.jpg,C
05214.jpg,B
05216.jpg,A
05217.jpg,A
05219.jpg,B
05221.jpg,C
05224.jpg,A
05226.jpg,C
05227.jpg,B
05228.jpg,C
05229.jpg,A
05230.jpg,B
05232.jpg,A
05238.jpg,A
05239.jpg,B
05240.jpg,B
05242.jpg,B
05244.jpg,B
05245.jpg,B
05248.jpg,B
05250.jpg,B
05251.jpg,A
05252.jpg,A
05253.jpg,A
05254.jpg,A
05257.jpg,B
05258.jpg,C
05259.jpg,C
05260.jpg,A
05262.jpg,A
05263.jpg,B
05266.jpg,A
05268.jpg,B
05269.jpg,B
05272.jpg,B
05275.jpg,C
05277.jpg,C
05278.jpg,B
05279.jpg,B
05282.jpg,B
05284.jpg,C
05288.jpg,B
05289.jpg,C
05290.jpg,B
05292.jpg,B
05293.jpg,A
05295.jpg,A
05297.jpg,B
05300.jpg,A
05302.jpg,A
05303.jpg,B
05306.jpg,A
05311.jpg,B
05314.jpg,A
05315.jpg,B
05318.jpg,B
05320.jpg,B
05321.jpg,C
05322.jpg,C
05323.jpg,B
05324.jpg,C
05330.jpg,C
05331.jpg,A
05339.jpg,B
05340.jpg,B
05341.jpg,B
05342.jpg,B
05344.jpg,A
05345.jpg,A
05349.jpg,A
05350.jpg,A
05352.jpg,A
05353.jpg,B
05354.jpg,A
05356.jpg,B
05357.jpg,C
05358.jpg,B
05359.jpg,B
05360.jpg,B
05362.jpg,A
05368.jpg,B
05370.jpg,B
05371.jpg,C
05372.jpg,B
05375.jpg,C
05376.jpg,B
05379.jpg,C
05381.jpg,B
05385.jpg,B
05386.jpg,B
05389.jpg,A
05390.jpg,C
05391.jpg,C
05393.jpg,A
05395.jpg,B
05396.jpg,C
05401.jpg,A
05402.jpg,B
05403.jpg,B
05407.jpg,A
05409.jpg,A
05410.jpg,C
05411.jpg,B
05412.jpg,B
05413.jpg,C
05415.jpg,B
05416.jpg,A
05417.jpg,B
05420.jpg,A
05422.jpg,A
05423.jpg,B
05424.jpg,C
05426.jpg,B
05430.jpg,B
05432.jpg,C
05433.jpg,B
05434.jpg,B
05435.jpg,B
05436.jpg,B
05437.jpg,A
05438.jpg,C
05439.jpg,B
05441.jpg,B
05444.jpg,C
05445.jpg,C
05446.jpg,B
05447.jpg,C
05451.jpg,B
05457.jpg,C
05458.jpg,C
05459.jpg,A
05463.jpg,A
05466.jpg,C
05467.jpg,C
05468.jpg,C
05469.jpg,C
05471.jpg,B
05473.jpg,B
05474.jpg,A
05475.jpg,B
05476.jpg,B
05478.jpg,B
05480.jpg,B
05481.jpg,A
05482.jpg,A
05483.jpg,B
05486.jpg,C
05488.jpg,C
05489.jpg,C
05495.jpg,C
05496.jpg,C
05497.jpg,C
05499.jpg,A
05501.jpg,C
05502.jpg,B
05504.jpg,C
05505.jpg,B
05511.jpg,A
05513.jpg,B
05514.jpg,C
05517.jpg,B
05518.jpg,A
05519.jpg,B
05522.jpg,B
05523.jpg,C
05528.jpg,A
05530.jpg,A
05531.jpg,C
05534.jpg,A
05540.jpg,C
05542.jpg,A
05544.jpg,B
05545.jpg,A
05546.jpg,A
05547.jpg,B
05553.jpg,C
05555.jpg,C
05556.jpg,B
05559.jpg,C
05560.jpg,C
05561.jpg,A
05564.jpg,A
05565.jpg,A
05567.jpg,C
05569.jpg,B
05570.jpg,A
05571.jpg,B
05572.jpg,A
05574.jpg,B
05575.jpg,A
05577.jpg,A
05578.jpg,B
05580.jpg,B
05581.jpg,B
05584.jpg,C
05585.jpg,A
05586.jpg,C
05587.jpg,C
05588.jpg,A
05589.jpg,C
05590.jpg,C
05591.jpg,C
05592.jpg,B
05594.jpg,A
05595.jpg,B
05596.jpg,C
05597.jpg,B
05598.jpg,C
05601.jpg,B
05602.jpg,C
05605.jpg,B
05606.jpg,B
05607.jpg,C
05610.jpg,B
05612.jpg,B
05613.jpg,C
05614.jpg,B
05617.jpg,B
05618.jpg,A
05619.jpg,C
05621.jpg,A
05622.jpg,C
05623.jpg,C
05629.jpg,B
05630.jpg,C
05631.jpg,B
05633.jpg,B
05635.jpg,A
05638.jpg,B
05639.jpg,A
05642.jpg,B
05644.jpg,C
05646.jpg,C
05647.jpg,B
05649.jpg,A
05650.jpg,B
05653.jpg,B
05654.jpg,B
05656.jpg,B
05659.jpg,C
05660.jpg,A
05661.jpg,A
05663.jpg,A
05666.jpg,C
05667.jpg,B
05671.jpg,A
05674.jpg,A
05676.jpg,B
05677.jpg,B
05678.jpg,C
05679.jpg,C
05680.jpg,B
05681.jpg,B
05682.jpg,C
05683.jpg,A
05684.jpg,B
05685.jpg,B
05688.jpg,B
05689.jpg,C
05690.jpg,A
05692.jpg,A
05696.jpg,B
05697.jpg,A
05698.jpg,A
05700.jpg,A
05702.jpg,C
05704.jpg,A
05716.jpg,B
05723.jpg,A
05724.jpg,A
05726.jpg,A
05731.jpg,B
05732.jpg,C
05733.jpg,B
05735.jpg,A
05736.jpg,C
05742.jpg,C
05743.jpg,C
05745.jpg,A
05747.jpg,B
05748.jpg,A
05750.jpg,C
05752.jpg,B
05754.jpg,B
05755.jpg,A
05756.jpg,C
05759.jpg,C
05761.jpg,B
05762.jpg,A
05763.jpg,B
05765.jpg,A
05767.jpg,C
05768.jpg,B
05771.jpg,B
05775.jpg,A
05776.jpg,A
05778.jpg,B
05782.jpg,B
05783.jpg,A
05784.jpg,B
05785.jpg,B
05787.jpg,B
05788.jpg,B
05789.jpg,B
05790.jpg,C
05792.jpg,B
05793.jpg,C
05794.jpg,C
05796.jpg,C
05798.jpg,B
05800.jpg,C
05801.jpg,B
05802.jpg,B
05803.jpg,A
05805.jpg,B
05806.jpg,A
05810.jpg,A
05812.jpg,B
05813.jpg,B
05814.jpg,B
05816.jpg,B
05818.jpg,A
05819.jpg,A
05820.jpg,C
05821.jpg,A
05823.jpg,C
05824.jpg,B
05825.jpg,B
05827.jpg,A
05828.jpg,B
05830.jpg,A
05833.jpg,B
05834.jpg,B
05837.jpg,A
05838.jpg,A
05840.jpg,B
05841.jpg,A
05842.jpg,A
05844.jpg,A
05845.jpg,C
05846.jpg,C
05847.jpg,A
05852.jpg,C
05853.jpg,B
05855.jpg,C
05858.jpg,A
05859.jpg,B
05860.jpg,A
05861.jpg,B
05862.jpg,B
05863.jpg,A
05865.jpg,B
05867.jpg,B
05870.jpg,B
05873.jpg,A
05875.jpg,B
05877.jpg,A
05878.jpg,A
05879.jpg,B
05881.jpg,B
05882.jpg,B
05884.jpg,B
05885.jpg,C
05886.jpg,C
05889.jpg,B
05892.jpg,C
05898.jpg,A
05899.jpg,A
05900.jpg,A
05903.jpg,B
05904.jpg,B
05906.jpg,B
05907.jpg,B
05911.jpg,C
05913.jpg,A
05914.jpg,B
05915.jpg,B
05916.jpg,B
05920.jpg,A
05923.jpg,A
05925.jpg,C
05926.jpg,B
05930.jpg,B
05933.jpg,B
05934.jpg,B
05936.jpg,B
05938.jpg,A
05939.jpg,A
05940.jpg,A
05942.jpg,B
05944.jpg,A
05948.jpg,C
05950.jpg,C
05951.jpg,B
05952.jpg,A
05953.jpg,B
05954.jpg,B
05955.jpg,B
05956.jpg,C
05958.jpg,A
05960.jpg,C
05962.jpg,A
05963.jpg,A
05964.jpg,A
05967.jpg,C
05968.jpg,B
05969.jpg,B
05970.jpg,A
05971.jpg,A
05972.jpg,C
05973.jpg,B
05974.jpg,C
05975.jpg,C
05978.jpg,C
05979.jpg,C
05983.jpg,A
05988.jpg,B
05989.jpg,A
05990.jpg,B
05992.jpg,B
05993.jpg,B
05994.jpg,B
05995.jpg,A
05996.jpg,B
05998.jpg,A
06002.jpg,B
06003.jpg,B
06005.jpg,B
06006.jpg,C
06007.jpg,A
06008.jpg,B
06010.jpg,B
06012.jpg,B
06013.jpg,A
06014.jpg,B
06016.jpg,B
06017.jpg,B
06019.jpg,A
06023.jpg,C
06025.jpg,C
06026.jpg,C
06027.jpg,B
06029.jpg,B
06031.jpg,A
06032.jpg,B
06033.jpg,A
06034.jpg,B
06035.jpg,A
06036.jpg,A
06037.jpg,B
06040.jpg,A
06041.jpg,B
06042.jpg,A
06048.jpg,A
06049.jpg,B
06052.jpg,B
06053.jpg,B
06055.jpg,B
06056.jpg,A
06059.jpg,C
06060.jpg,C
06061.jpg,B
06062.jpg,C
06063.jpg,A
06065.jpg,C
06067.jpg,A
06068.jpg,A
06069.jpg,B
06071.jpg,B
06072.jpg,B
06075.jpg,B
06076.jpg,A
06079.jpg,B
06081.jpg,C
06082.jpg,C
06083.jpg,B
06085.jpg,A
06086.jpg,A
06087.jpg,B
06088.jpg,C
06090.jpg,B
06092.jpg,C
06093.jpg,B
06094.jpg,C
06097.jpg,B
06103.jpg,B
06104.jpg,A
06105.jpg,B
06108.jpg,B
06112.jpg,B
06117.jpg,B
06120.jpg,B
06124.jpg,B
06125.jpg,B
06127.jpg,A
06128.jpg,B
06129.jpg,A
06131.jpg,A
06132.jpg,C
06133.jpg,B
06134.jpg,C
06135.jpg,A
06136.jpg,C
06137.jpg,B
06138.jpg,C
06139.jpg,A
06140.jpg,A
06141.jpg,C
06142.jpg,A
06143.jpg,B
06145.jpg,C
06150.jpg,B
06153.jpg,A
06154.jpg,C
06156.jpg,B
06159.jpg,B
06160.jpg,C
06162.jpg,A
06164.jpg,C
06165.jpg,A
06166.jpg,C
06169.jpg,B
06173.jpg,C
06176.jpg,B
06177.jpg,C
06180.jpg,C
06181.jpg,B
06182.jpg,A
06184.jpg,C
06185.jpg,A
06186.jpg,A
06187.jpg,C
06188.jpg,B
06189.jpg,C
06190.jpg,C
06191.jpg,A
06196.jpg,C
06197.jpg,C
06200.jpg,B
06201.jpg,B
06202.jpg,B
06205.jpg,A
06209.jpg,A
06210.jpg,A
06211.jpg,A
06213.jpg,B
06216.jpg,B
06217.jpg,B
06218.jpg,C
06219.jpg,A
06222.jpg,A
06223.jpg,C
06225.jpg,B
06227.jpg,A
06230.jpg,B
06231.jpg,C
06240.jpg,B
06245.jpg,A
06246.jpg,B
06247.jpg,C
06249.jpg,A
06253.jpg,A
06254.jpg,C
06256.jpg,B
06258.jpg,B
06259.jpg,C
06260.jpg,A
06261.jpg,C
06264.jpg,B
06269.jpg,C
06271.jpg,B
06274.jpg,A
06276.jpg,B
06278.jpg,A
06281.jpg,A
06282.jpg,C
06283.jpg,A
06284.jpg,C
06285.jpg,A
06287.jpg,A
06290.jpg,A
06292.jpg,C
06294.jpg,A
06295.jpg,A
06296.jpg,C
06297.jpg,C
06299.jpg,B
06303.jpg,C
06305.jpg,C
06306.jpg,A
06309.jpg,A
06311.jpg,A
06314.jpg,B
06317.jpg,C
06318.jpg,A
06321.jpg,B
06322.jpg,B
06324.jpg,C
06325.jpg,A
06327.jpg,A
06331.jpg,C
06332.jpg,C
06333.jpg,B
06334.jpg,A
06338.jpg,C
06339.jpg,A
06340.jpg,A
06341.jpg,B
06343.jpg,C
06344.jpg,A
06349.jpg,A
06356.jpg,B
06357.jpg,C
06358.jpg,B
06359.jpg,B
06360.jpg,B
06361.jpg,B
06362.jpg,C
06364.jpg,A
06365.jpg,A
06366.jpg,A
06367.jpg,A
06369.jpg,C
06379.jpg,B
06380.jpg,A
06381.jpg,B
06384.jpg,A
06387.jpg,B
06389.jpg,B
06390.jpg,C
06391.jpg,C
06396.jpg,B
06397.jpg,B
06398.jpg,B
06399.jpg,B
06402.jpg,B
06403.jpg,A
06404.jpg,B
06405.jpg,A
06407.jpg,B
06409.jpg,B
06411.jpg,B
06414.jpg,C
06416.jpg,B
06420.jpg,C
06422.jpg,A
06424.jpg,B
06425.jpg,C
06426.jpg,C
06427.jpg,B
06429.jpg,B
06430.jpg,C
06431.jpg,A
06433.jpg,B
06435.jpg,B
06436.jpg,B
06437.jpg,A
06440.jpg,A
06441.jpg,C
06446.jpg,B
06448.jpg,B
06450.jpg,B
06451.jpg,A
06458.jpg,C
06460.jpg,B
06463.jpg,A
06465.jpg,A
06466.jpg,C
06468.jpg,C
06470.jpg,C
06472.jpg,B
06475.jpg,B
06476.jpg,B
06482.jpg,A
06483.jpg,C
06485.jpg,A
06486.jpg,B
06488.jpg,A
06489.jpg,C
06491.jpg,B
06492.jpg,C
06495.jpg,C
06496.jpg,A
06499.jpg,A
06501.jpg,A
06503.jpg,B
06504.jpg,C
06505.jpg,C
06507.jpg,A
06508.jpg,A
06509.jpg,C
06510.jpg,C
06513.jpg,A
06516.jpg,B
06517.jpg,A
06518.jpg,B
06520.jpg,C
06521.jpg,B
06525.jpg,C
06526.jpg,B
06527.jpg,C
06528.jpg,A
06529.jpg,B
06531.jpg,C
06535.jpg,B
06536.jpg,C
06537.jpg,A
06538.jpg,B
06539.jpg,A
06540.jpg,C
06541.jpg,A
06542.jpg,A
06543.jpg,C
06547.jpg,C
06548.jpg,B
06551.jpg,A
06553.jpg,C
06554.jpg,C
06555.jpg,A
06556.jpg,C
06557.jpg,C
06558.jpg,B
06559.jpg,A
06560.jpg,B
06563.jpg,C
06564.jpg,C
06566.jpg,B
06570.jpg,B
06573.jpg,B
06576.jpg,B
06578.jpg,B
06579.jpg,C
06582.jpg,B
06586.jpg,A
06587.jpg,B
06590.jpg,B
06591.jpg,A
06592.jpg,C
06593.jpg,C
06600.jpg,B
06601.jpg,B
06603.jpg,C
06605.jpg,A
06607.jpg,A
06608.jpg,C
06609.jpg,C
06610.jpg,A
06611.jpg,A
06614.jpg,A
06616.jpg,A
06617.jpg,C
06623.jpg,C
06625.jpg,B
06627.jpg,A
06629.jpg,C
06630.jpg,A
06632.jpg,C
06639.jpg,C
06642.jpg,B
06643.jpg,A
06650.jpg,A
06652.jpg,B
06653.jpg,C
06654.jpg,A
06656.jpg,B
06658.jpg,A
06660.jpg,B
06661.jpg,B
06662.jpg,A
06664.jpg,B
06665.jpg,A
06667.jpg,B
06668.jpg,B
06669.jpg,B
06670.jpg,C
06675.jpg,C
06677.jpg,A
06679.jpg,A
06680.jpg,B
06682.jpg,A
06685.jpg,B
06686.jpg,B
06691.jpg,C
06692.jpg,A
06693.jpg,C
06696.jpg,A
06697.jpg,C
06699.jpg,B
06701.jpg,A
06706.jpg,B
06707.jpg,C
06708.jpg,A
06711.jpg,B
06712.jpg,A
06717.jpg,C
06720.jpg,B
06722.jpg,C
06723.jpg,B
06726.jpg,B
06730.jpg,A
06731.jpg,A
06732.jpg,C
06734.jpg,C
06739.jpg,B
06740.jpg,B
06742.jpg,B
06743.jpg,A
06747.jpg,B
06749.jpg,B
06751.jpg,C
06752.jpg,C
06753.jpg,B
06755.jpg,C
06756.jpg,B
06757.jpg,B
06760.jpg,B
06761.jpg,C
06765.jpg,A
06767.jpg,B
06771.jpg,C
06773.jpg,C
06774.jpg,C
06775.jpg,A
06777.jpg,B
06778.jpg,B
06779.jpg,B
06780.jpg,B
06781.jpg,A
06783.jpg,B
06784.jpg,A
06786.jpg,C
06787.jpg,A
06792.jpg,C
06794.jpg,C
06795.jpg,C
06796.jpg,C
06797.jpg,B
06799.jpg,C
06801.jpg,B
06802.jpg,A
06803.jpg,B
06804.jpg,B
06805.jpg,C
06807.jpg,A
06808.jpg,B
06810.jpg,B
06811.jpg,A
06813.jpg,A
06814.jpg,A
06815.jpg,C
06820.jpg,A
06822.jpg,A
06823.jpg,A
06824.jpg,C
06826.jpg,B
06830.jpg,B
06833.jpg,C
06837.jpg,C
06838.jpg,B
06839.jpg,B
06840.jpg,B
06842.jpg,A
06844.jpg,B
06845.jpg,B
06846.jpg,B
06852.jpg,C
06857.jpg,A
06858.jpg,C
06859.jpg,A
06862.jpg,C
06863.jpg,A
06864.jpg,A
06865.jpg,B
06866.jpg,B
06867.jpg,C
06869.jpg,A
06870.jpg,B
06871.jpg,B
06873.jpg,B
06874.jpg,C
06875.jpg,A
06878.jpg,B
06879.jpg,B
06882.jpg,C
06885.jpg,C
06886.jpg,C
06887.jpg,C
06888.jpg,A
06892.jpg,A
06894.jpg,A
06895.jpg,A
06897.jpg,A
06900.jpg,B
06901.jpg,B
06902.jpg,A
06905.jpg,C
06906.jpg,B
06911.jpg,B
06912.jpg,A
06913.jpg,B
06914.jpg,C
06915.jpg,B
06916.jpg,A
06917.jpg,B
06924.jpg,B
06925.jpg,A
06930.jpg,A
06931.jpg,B
06934.jpg,A
06937.jpg,C
06938.jpg,B
06941.jpg,C
06942.jpg,C
06943.jpg,B
06945.jpg,B
06947.jpg,A
06949.jpg,A
06951.jpg,C
06953.jpg,B
06954.jpg,C
06955.jpg,C
06958.jpg,B
06959.jpg,A
06960.jpg,B
06964.jpg,A
06968.jpg,B
06969.jpg,A
06970.jpg,A
06972.jpg,A
06974.jpg,A
06975.jpg,C
06978.jpg,A
06981.jpg,A
06982.jpg,A
06983.jpg,A
06984.jpg,A
06990.jpg,A
06991.jpg,B
06992.jpg,B
06994.jpg,B
06995.jpg,B
06996.jpg,C
06998.jpg,A
06999.jpg,C
07000.jpg,B
07002.jpg,A
07003.jpg,C
07004.jpg,B
07005.jpg,B
07007.jpg,B
07009.jpg,C
07011.jpg,A
07012.jpg,A
07013.jpg,B
07015.jpg,A
07016.jpg,B
07019.jpg,C
07021.jpg,C
07023.jpg,B
07024.jpg,A
07026.jpg,B
07027.jpg,C
07028.jpg,A
07029.jpg,C
07030.jpg,A
07032.jpg,B
07034.jpg,C
07035.jpg,C
07039.jpg,A
07042.jpg,A
07043.jpg,C
07045.jpg,B
07046.jpg,C
07047.jpg,C
07049.jpg,A
07051.jpg,A
07052.jpg,A
07058.jpg,B
07059.jpg,A
07060.jpg,B
07062.jpg,C
07063.jpg,C
07067.jpg,C
07068.jpg,A
07069.jpg,A
07070.jpg,B
07071.jpg,A
07074.jpg,C
07076.jpg,B
07081.jpg,A
07084.jpg,C
07087.jpg,B
07088.jpg,C
07089.jpg,B
07092.jpg,C
07093.jpg,B
07094.jpg,B
07095.jpg,C
07097.jpg,B
07098.jpg,B
07099.jpg,B
07100.jpg,C
07103.jpg,A
07104.jpg,C
07106.jpg,B
07107.jpg,A
07108.jpg,B
07109.jpg,B
07110.jpg,C
07111.jpg,B
07112.jpg,C
07113.jpg,C
07114.jpg,C
07115.jpg,A
07118.jpg,B
07119.jpg,C
07120.jpg,A
07121.jpg,C
07122.jpg,B
07123.jpg,B
07124.jpg,B
07126.jpg,A
07131.jpg,C
07133.jpg,C
07138.jpg,A
07139.jpg,B
07142.jpg,C
07144.jpg,C
07146.jpg,C
07147.jpg,A
07148.jpg,B
07149.jpg,C
07152.jpg,B
07153.jpg,B
07154.jpg,B
07155.jpg,A
07157.jpg,A
07159.jpg,A
07162.jpg,A
07164.jpg,B
07165.jpg,B
07166.jpg,C
07168.jpg,B
07171.jpg,A
07172.jpg,C
07173.jpg,C
07175.jpg,B
07177.jpg,B
07178.jpg,A
07181.jpg,A
07184.jpg,B
07185.jpg,B
07187.jpg,B
07188.jpg,B
07189.jpg,B
07191.jpg,B
07195.jpg,B
07196.jpg,C
07197.jpg,A
07198.jpg,A
07200.jpg,B
07202.jpg,A
07204.jpg,A
07205.jpg,A
07207.jpg,C
07208.jpg,B
07210.jpg,B
07212.jpg,A
07214.jpg,A
07215.jpg,B
07216.jpg,B
07217.jpg,A
07219.jpg,A
07222.jpg,A
07223.jpg,C
07224.jpg,C
07226.jpg,C
07229.jpg,B
07231.jpg,C
07232.jpg,B
07235.jpg,B
07237.jpg,A
07243.jpg,C
07244.jpg,A
07245.jpg,C
07247.jpg,B
07248.jpg,B
07249.jpg,C
07250.jpg,A
07253.jpg,B
07256.jpg,B
07257.jpg,C
07258.jpg,C
07260.jpg,C
07262.jpg,A
07263.jpg,B
07264.jpg,A
07266.jpg,A
07267.jpg,A
07268.jpg,B
07269.jpg,A
07270.jpg,B
07271.jpg,C
07272.jpg,C
07274.jpg,A
07275.jpg,B
07277.jpg,C
07278.jpg,A
07280.jpg,B
07283.jpg,A
07284.jpg,A
07286.jpg,A
07287.jpg,A
07289.jpg,C
07296.jpg,C
07297.jpg,B
07299.jpg,B
07300.jpg,B
07301.jpg,B
07302.jpg,A
07303.jpg,C
07307.jpg,A
07309.jpg,A
07313.jpg,A
07316.jpg,A
07317.jpg,A
07320.jpg,B
07321.jpg,C
07324.jpg,B
07326.jpg,B
07327.jpg,C
07329.jpg,B
07334.jpg,B
07336.jpg,A
07337.jpg,B
07339.jpg,B
07341.jpg,C
07342.jpg,B
07343.jpg,B
07344.jpg,A
07346.jpg,A
07348.jpg,C
07349.jpg,B
07351.jpg,B
07353.jpg,B
07354.jpg,B
07356.jpg,B
07357.jpg,C
07358.jpg,C
07364.jpg,B
07365.jpg,A
07366.jpg,C
07369.jpg,A
07370.jpg,A
07372.jpg,B
07373.jpg,B
07374.jpg,B
07378.jpg,C
07379.jpg,B
07380.jpg,B
07382.jpg,C
07386.jpg,B
07389.jpg,A
07393.jpg,C
07394.jpg,B
07395.jpg,A
07398.jpg,B
07401.jpg,C
07402.jpg,C
07403.jpg,B
07404.jpg,B
07405.jpg,B
07406.jpg,A
07407.jpg,C
07409.jpg,A
07412.jpg,A
07414.jpg,B
07415.jpg,B
07416.jpg,C
07417.jpg,A
07419.jpg,C
07421.jpg,A
07422.jpg,A
07424.jpg,B
07427.jpg,B
07428.jpg,A
07429.jpg,C
07430.jpg,C
07432.jpg,B
07434.jpg,B
07435.jpg,C
07437.jpg,A
07440.jpg,A
07441.jpg,B
07442.jpg,A
07443.jpg,C
07444.jpg,C
07446.jpg,B
07448.jpg,B
07450.jpg,A
07451.jpg,A
07455.jpg,B
07457.jpg,B
07458.jpg,B
07459.jpg,B
07461.jpg,B
07466.jpg,C
07468.jpg,C
07469.jpg,A
07470.jpg,B
07471.jpg,B
07472.jpg,A
07473.jpg,A
07475.jpg,B
07476.jpg,C
07481.jpg,B
07482.jpg,C
07484.jpg,A
07485.jpg,A
07487.jpg,B
07489.jpg,C
07493.jpg,A
07494.jpg,B
07495.jpg,C
07498.jpg,B
07499.jpg,A
07501.jpg,C
07503.jpg,B
07504.jpg,B
07505.jpg,B
07506.jpg,A
07507.jpg,B
07512.jpg,B
07513.jpg,C
07515.jpg,C
07516.jpg,C
07517.jpg,B
07518.jpg,C
07519.jpg,A
07520.jpg,A
07521.jpg,B
07522.jpg,B
07525.jpg,C
07533.jpg,A
07534.jpg,A
07535.jpg,A
07538.jpg,B
07539.jpg,B
07541.jpg,C
07542.jpg,C
07543.jpg,B
07545.jpg,C
07546.jpg,C
07548.jpg,C
07550.jpg,A
07553.jpg,C
07554.jpg,A
07555.jpg,B
07556.jpg,B
07557.jpg,B
07558.jpg,B
07559.jpg,A
07562.jpg,B
07563.jpg,B
07565.jpg,C
07567.jpg,B
07570.jpg,B
07572.jpg,C
07574.jpg,B
07575.jpg,A
07579.jpg,C
07580.jpg,A
07581.jpg,C
07584.jpg,A
07588.jpg,C
07593.jpg,A
07594.jpg,B
07595.jpg,A
07596.jpg,C
07597.jpg,B
07598.jpg,A
07599.jpg,B
07600.jpg,B
07601.jpg,B
07602.jpg,C
07614.jpg,A
07616.jpg,A
07617.jpg,B
07618.jpg,A
07622.jpg,B
07623.jpg,B
07624.jpg,C
07625.jpg,B
07627.jpg,A
07628.jpg,B
07629.jpg,B
07631.jpg,C
07633.jpg,C
07634.jpg,B
07636.jpg,A
07637.jpg,C
07638.jpg,C
07639.jpg,C
07640.jpg,B
07643.jpg,C
07644.jpg,A
07645.jpg,A
07646.jpg,C
07649.jpg,B
07650.jpg,B
07651.jpg,C
07655.jpg,B
07656.jpg,A
07657.jpg,C
07660.jpg,A
07661.jpg,B
07663.jpg,B
07664.jpg,C
07665.jpg,B
07667.jpg,A
07668.jpg,C
07669.jpg,A
07670.jpg,A
07672.jpg,C
07673.jpg,C
07677.jpg,A
07678.jpg,B
07679.jpg,A
07680.jpg,A
07681.jpg,B
07682.jpg,C
07683.jpg,A
07685.jpg,A
07686.jpg,C
07687.jpg,B
07694.jpg,A
07695.jpg,A
07696.jpg,B
07698.jpg,B
07699.jpg,B
07700.jpg,A
07701.jpg,B
07703.jpg,B
07705.jpg,B
07706.jpg,B
07708.jpg,B
07710.jpg,C
07711.jpg,B
07712.jpg,B
07715.jpg,A
07720.jpg,C
07723.jpg,A
07724.jpg,A
07725.jpg,B
07728.jpg,B
07731.jpg,B
07732.jpg,B
07734.jpg,B
07735.jpg,B
07736.jpg,B
07737.jpg,C
07739.jpg,B
07740.jpg,B
07741.jpg,A
07742.jpg,B
07745.jpg,A
07746.jpg,A
07748.jpg,B
07749.jpg,A
07750.jpg,C
07752.jpg,C
07753.jpg,C
07754.jpg,B
07760.jpg,A
07762.jpg,B
07763.jpg,A
07764.jpg,A
07765.jpg,A
07766.jpg,B
07771.jpg,B
07773.jpg,C
07774.jpg,A
07775.jpg,C
07777.jpg,A
07780.jpg,A
07782.jpg,C
07783.jpg,B
07785.jpg,B
07786.jpg,A
07787.jpg,C
07788.jpg,A
07789.jpg,A
07791.jpg,A
07796.jpg,C
07797.jpg,C
07799.jpg,A
07800.jpg,B
07801.jpg,C
07802.jpg,B
07803.jpg,A
07805.jpg,A
07807.jpg,B
07809.jpg,C
07810.jpg,B
07811.jpg,B
07814.jpg,B
07815.jpg,C
07816.jpg,B
07817.jpg,A
07819.jpg,C
07820.jpg,B
07821.jpg,A
07822.jpg,A
07824.jpg,A
07826.jpg,C
07827.jpg,A
07830.jpg,C
07831.jpg,A
07833.jpg,C
07834.jpg,C
07835.jpg,B
07836.jpg,B
07839.jpg,B
07840.jpg,B
07841.jpg,C
07843.jpg,B
07845.jpg,C
07846.jpg,C
07847.jpg,C
07849.jpg,B
07851.jpg,B
07852.jpg,A
07855.jpg,C
07858.jpg,B
07859.jpg,B
07864.jpg,B
07865.jpg,B
07866.jpg,A
07867.jpg,B
07868.jpg,C
07871.jpg,C
07873.jpg,B
07875.jpg,C
07876.jpg,A
07877.jpg,B
07878.jpg,B
07882.jpg,A
07885.jpg,C
07887.jpg,B
07890.jpg,A
07892.jpg,C
07893.jpg,A
07894.jpg,B
07895.jpg,A
07897.jpg,C
07898.jpg,C
07899.jpg,A
07902.jpg,A
07903.jpg,A
07905.jpg,A
07906.jpg,B
07909.jpg,B
07910.jpg,C
07913.jpg,A
07914.jpg,B
07916.jpg,A
07917.jpg,B
07919.jpg,A
07921.jpg,B
07925.jpg,C
07926.jpg,B
07927.jpg,B
07928.jpg,B
07932.jpg,C
07933.jpg,B
07936.jpg,A
07939.jpg,B
07940.jpg,C
07941.jpg,C
07942.jpg,A
07946.jpg,A
07950.jpg,C
07952.jpg,A
07953.jpg,B
07954.jpg,C
07956.jpg,A
07957.jpg,B
07960.jpg,A
07961.jpg,B
07963.jpg,B
07965.jpg,C
07967.jpg,B
07968.jpg,A
07969.jpg,C
07973.jpg,B
07974.jpg,A
07976.jpg,A
07979.jpg,A
07980.jpg,A
07981.jpg,B
07982.jpg,C
07983.jpg,C
07984.jpg,A
07985.jpg,A
07986.jpg,C
07987.jpg,A
07988.jpg,B
07993.jpg,C
07996.jpg,A
07998.jpg,A
07999.jpg,A
08000.jpg,B